household_size,num_appliances,daily_usage_hours,temperature,prev_month_consumption,seasonal_factor,unit_rate_per_kwh,actual_consumption
7,14,8.994646221069225,25.097446604253093,643.753338385059,2,0.15,751.1421165281538
4,23,3.5582942808568347,16.940366118286022,675.1535530732398,1,0.15,584.3742014187991
5,21,8.480332785285144,28.563359213306285,423.06604931202475,1,0.15,739.4210289270284
7,9,11.48669439730851,36.54356237295738,788.3139597729272,3,0.15,813.6840690793878
3,8,11.270638389496012,29.757138573828993,650.6958384951164,3,0.15,702.233346702135
5,14,12.601940464133126,20.656977705355796,641.5637954269661,4,0.15,848.2846729215302
5,21,3.5241841272740206,24.605990503434533,623.4870020884503,4,0.15,599.4861661625663
7,14,12.433971928487006,26.253084029548305,205.4256722527918,3,0.15,889.884220523126
2,21,6.994368907143153,29.48165884551317,252.06162051710757,2,0.15,586.9920772823186
3,24,8.384735138193777,33.98377564381533,424.7930920250975,4,0.15,741.4740525432516
7,9,15.727780062763292,17.471840441015885,284.8030449716261,3,0.15,926.3403038005641
3,6,2.144486466072804,37.241300825439154,390.66868063382833,4,0.15,311.01956988906954
3,10,11.414602133449687,15.307742575401889,721.9248769460445,3,0.15,651.169333685278
5,6,11.579423681601721,24.25130836685638,677.0288243154885,1,0.15,651.0548201361383
4,17,8.346556421496992,15.685507749316441,541.0279149359876,3,0.15,665.2294093814517
3,15,5.792445713733379,24.82435563363228,700.6842759757725,1,0.15,512.0160033601743
6,15,5.754784612184817,28.145314971833095,648.6406723120745,4,0.15,675.8928366995882
5,20,16.139354714572043,27.792034664537795,400.28945228862335,3,0.15,1036.335083234107
2,15,9.07238998052572,19.140708675706634,240.7456064349616,4,0.15,639.458304296371
4,23,7.294229807826751,31.143512752390308,459.9407280065374,1,0.15,725.1021338582073
6,19,9.180441181302449,16.119461262616706,615.3602177699851,3,0.15,754.9174885086269
6,20,12.710246423349782,34.047670503310385,405.4937191107151,4,0.15,970.3678007476499
2,15,4.332105091916027,38.66611084983866,566.740336848728,1,0.15,428.8211249915849
4,20,9.190941363419803,23.49422067877795,166.02919840373053,4,0.15,781.9706368524709
5,12,11.406149937766191,27.930984542858297,623.6033154599824,2,0.15,743.7391765582521
1,8,17.17733367762294,24.47275695147036,668.8995339251434,1,0.15,800.5605723745358
4,12,6.040444513206708,15.167759757601498,594.7864990463788,1,0.15,512.5809870225216
2,8,7.748011966659929,24.6468625723779,777.0845112684559,1,0.15,462.4079260518311
6,7,8.06973743875878,34.793006481533666,678.6564402224483,3,0.15,613.051527262533
5,7,11.688610522318125,29.899721054587047,732.1656095135768,3,0.15,716.6490152023729
4,22,7.707712848640027,17.531497865378974,753.4997584203536,3,0.15,757.5786257011562
1,23,10.53619080479513,36.17848724234463,660.943594311666,2,0.15,796.415778653508
1,23,14.50864527752047,28.27713362213107,571.9811894045494,2,0.15,871.8529214390401
3,9,13.286169505795257,36.0430840436169,104.0030069525525,1,0.15,738.0850655282863
3,22,9.141898344201369,29.505537969625735,426.0780272561873,2,0.15,708.5961204235412
7,14,15.827458842786703,28.992211120948497,499.8136090356527,4,0.15,1011.50252695781
2,10,10.930243993501806,17.63147962992531,312.8211907135998,1,0.15,580.454472160202
4,5,10.6384934320354,19.1839933284657,322.67311283243043,1,0.15,602.5088492653864
4,9,2.547004255026531,39.30063141241477,772.8115909971157,4,0.15,410.2817456487825
7,13,17.787087685714585,20.712168668869268,724.1976056419221,1,0.15,1013.2033267117638
6,16,3.9675329364740275,39.436302949759195,694.425303851193,2,0.15,580.032309632549
6,18,5.698094598842346,28.297817663106585,384.20826119427744,3,0.15,664.3710608595518
7,6,2.8271493958644314,18.39472617659843,109.58898528624019,4,0.15,486.9739771350407
6,21,12.24004746939062,17.482555068842323,156.15557251899986,2,0.15,931.8194378786214
3,18,5.59521883156288,20.2216017676435,318.53745775232255,4,0.15,594.2772053871066
4,17,4.880166999563576,38.140933250633395,111.02003909697389,4,0.15,605.0989188486753
7,13,3.4168893475718622,25.35375560820567,112.00484734063868,1,0.15,478.48429420126035
4,19,3.6529433139842507,24.88585669982286,741.6223111496877,1,0.15,513.0966212943988
1,19,11.35473120708142,22.83015652675435,594.3109514833379,2,0.15,763.7268921529011
3,15,13.011325853865527,18.67654626416471,316.26919304770684,4,0.15,815.836517490982
5,20,8.358063815430416,27.19627992981016,192.8512043206672,1,0.15,732.9018390976554
3,21,9.678353305473172,18.251194562778466,458.145002526554,1,0.15,685.1692110573433
7,8,12.975483775727746,35.88700590955819,103.74231259805512,4,0.15,850.2769424201364
5,5,2.278076642967674,24.25992465688266,756.8896207007008,2,0.15,350.3718756052456
1,12,7.170090513124457,24.37008919454491,390.37058357226306,2,0.15,498.6255497121344
7,21,17.569563969125543,26.850160712078896,381.63446866613293,4,0.15,1178.7033266757235
2,7,11.281795675127489,26.10319282914379,373.41552530724755,2,0.15,595.9642001820046
4,24,6.067593278359892,39.87144932648304,148.52983127143534,1,0.15,645.1731677558474
1,19,10.34768074617941,28.634528030457563,546.8255678542786,4,0.15,760.5624227684112
4,19,7.482455809934645,17.205042594746768,613.1025337398473,1,0.15,616.9705314544145
6,18,10.515919821220786,30.17193353942325,573.2877783118032,3,0.15,849.4471746019021
2,18,4.011864188906381,18.789607321747,196.90484533057602,3,0.15,503.6167949241121
2,6,4.123434461108438,15.77344111828355,505.1881176249148,2,0.15,296.7053039155808
1,17,4.296677792630286,39.26855384193121,498.6391389205777,3,0.15,519.2690618497573
2,18,17.03711667082947,34.3384722883641,707.8875515589674,1,0.15,922.4754480209981
5,23,13.726382693461469,39.502724810344176,365.3893608629529,3,0.15,1001.7785739264069
2,11,4.598110314597134,26.94696120055606,360.04016056160395,1,0.15,396.1906515324227
4,7,5.013585340249623,28.306438278724404,532.9689411027299,2,0.15,474.38697437148164
4,19,13.693271597934022,19.208423897978257,543.150857449659,2,0.15,902.9469459383395
7,18,4.498621516674783,21.172685666689638,428.4996591280533,1,0.15,563.9640899082374
4,15,5.752980693357259,35.96373037257071,410.14155363129476,3,0.15,640.4764622645239
7,19,17.413549325126382,23.904641177939855,445.9033694465179,2,0.15,1074.7650534960294
4,17,6.08490439565491,35.67037434491047,702.7317096523183,4,0.15,692.5259489049242
5,22,12.586117605938348,32.725343107175796,422.816830877737,2,0.15,913.4779394258062
7,10,17.65810059840849,19.429273131796638,757.9522543788758,3,0.15,995.3590965201533
3,7,7.988748274236682,27.686159152993554,452.8026345174282,4,0.15,555.1888736662178
6,23,2.280255853792996,31.934683037967922,764.440485226624,3,0.15,605.695186540117
1,19,5.906356646757988,20.875930370095627,682.982331308353,1,0.15,561.5243089481374
4,9,15.294035061467287,35.76721276300192,353.7019258310804,4,0.15,875.4147823094453
2,14,15.833741375280587,28.62069143862967,704.5489949076313,3,0.15,869.0660566419913
4,11,14.29630983238066,19.131051261065082,177.04429894078066,4,0.15,842.6076361747796
2,21,3.8097571052251684,29.574610654115062,747.5330227401101,3,0.15,520.3567107255594
6,11,14.72816594714245,39.99284510389785,542.1504605580242,4,0.15,969.4174864916376
6,16,16.69884475189607,18.763037291585338,138.07352396561782,3,0.15,985.1825055398778
6,21,11.609752680739778,35.41892325298821,550.9797065555681,1,0.15,869.1895565639463
2,17,17.05400570140904,20.18272507968895,781.9733579013293,4,0.15,979.8974933657856
4,24,15.229422139390039,34.55970823650218,148.86045823024025,4,0.15,1053.7163798487531
6,8,12.671544271854517,33.36444807803533,488.28139684606043,4,0.15,830.535025281962
5,14,11.23496378738797,22.51223464001081,623.4560448315607,4,0.15,830.6553668523038
7,7,7.577178675871528,23.145577939111245,667.1810106896719,1,0.15,598.9956515308199
2,13,4.548599123884882,34.81303479907298,389.6792257245571,4,0.15,500.1700484374032
2,17,11.679262763048653,26.536137797182818,242.9165914177701,2,0.15,784.3652563995131
4,22,7.089784857889912,33.27045071779522,129.6395951406687,1,0.15,669.4814231269152
2,19,15.863018680442327,18.69960368414587,505.8083099680573,2,0.15,899.2488665218492
2,8,17.893390997738056,36.31394454753884,417.03774918732756,4,0.15,906.1307951120848
6,19,14.03884420184916,32.77211791705798,764.1210766047977,3,0.15,976.4692886199679
4,6,3.447707124592812,37.67357022087084,142.42343540043686,2,0.15,367.79589155283145
6,19,6.61896952849021,18.30930947587431,579.7767404122039,4,0.15,685.4549012077588
7,12,3.7457541082519956,29.825362509014944,117.47635548404001,2,0.15,543.1834690399261
7,12,12.408186364667452,29.97801462600813,220.00392369737992,4,0.15,865.5840689913599
6,21,14.243053832892555,23.83651851366956,417.5052999459839,4,0.15,1054.4178377013693
7,16,16.810797294091387,26.461660614231445,418.41070996200773,4,0.15,1073.619549749841
4,23,9.010757542591803,15.949539082246337,579.9903800535508,3,0.15,770.2710374642528
1,14,16.422010393415107,33.6465009656753,737.1491244074297,2,0.15,880.1269109460949
6,13,16.046258544661242,28.733061985079352,547.3225112404446,1,0.15,938.762494789717
5,9,7.0751314682463775,16.443526296729345,767.4745684960561,1,0.15,521.7845422779762
5,10,15.902410008649136,32.01889732401214,717.1309479145983,1,0.15,856.798061333449
2,24,8.010756030107624,26.669551930779697,509.14985687155314,1,0.15,751.534825029918
7,6,6.7499083929644925,15.861531485625001,683.6543656431791,4,0.15,594.2748062274295
5,17,12.38519454071029,39.240193171202385,549.8043272265438,2,0.15,883.0306902293516
2,10,7.254099646161297,38.72780357723602,154.990481646609,2,0.15,501.5262825768296
1,9,12.083339973266307,27.822560403679937,618.395306281657,3,0.15,646.0910319413672
4,5,11.757308887979113,17.341810517647755,166.43590888714235,2,0.15,679.7654446215463
4,10,11.01502283757534,33.865530539964794,515.8579463987987,2,0.15,724.2627139121968
4,10,8.086715267724763,27.298277502643224,591.8481441007602,2,0.15,593.1348926989972
5,20,10.775995546423628,22.561186957234497,146.56932574759867,3,0.15,828.3702067247383
1,8,11.543767599766745,27.285454438213918,261.5562577485722,1,0.15,581.2793322100255
5,15,10.730990215927575,28.06110363513661,740.9705625831549,2,0.15,749.1540983050475
7,13,9.110711244019225,29.06779247555848,531.4201445630274,3,0.15,730.3395956512378
5,7,2.234672912740221,26.03059284138316,272.4002131673721,3,0.15,404.7363248932028
1,23,11.392987323218415,30.143882578476415,583.4758398036047,4,0.15,835.7470046362004
1,12,4.695110162283514,37.968367765159435,517.7434939731827,3,0.15,465.0029836545076
7,9,12.281215503155034,24.05670217746478,451.10298994256385,1,0.15,762.189636117378
1,8,14.149509246765856,33.142911580498726,783.3308824916586,2,0.15,711.0599705102162
1,10,10.007124946091864,37.36131392060581,578.4176441852562,3,0.15,602.6504686946413
4,6,10.677818639675813,26.399481893998423,362.80877676753886,1,0.15,590.776713974245
7,24,17.22365695465586,26.086395909547605,660.0514024538076,3,0.15,1198.29883600012
3,15,15.554677781961187,30.052924633869488,719.2083050448314,3,0.15,906.9232552562605
3,8,16.627784255223517,29.7851689855622,187.654391661782,3,0.15,867.7992891768972
1,19,15.020260613113383,35.164733558156925,240.38708449168655,3,0.15,908.1713020733538
3,10,3.742693469547703,26.91208459445732,251.3589063894458,3,0.15,429.04321605051604
3,21,4.383869695523115,39.90307374098603,583.8482665705783,1,0.15,565.1027048352912
1,10,10.425980756303353,16.48678922168202,522.1276885372984,2,0.15,552.9070067640662
3,23,5.937114540767972,15.079196214517543,533.2940952890117,2,0.15,603.4955026799237
5,6,9.627127600658547,31.004957788990595,758.5413097826507,2,0.15,601.5006076039662
2,19,8.309845181093603,22.46087280904692,643.1380729651141,2,0.15,654.6450588882572
7,15,10.790627814887253,21.009559717487093,189.55584715824824,1,0.15,785.6041261537258
2,12,13.950011458173163,22.797477000107012,343.2549576976267,4,0.15,778.5259852609096
1,23,13.447854513588391,21.40118912762386,404.77555232301495,4,0.15,895.3786684997336
4,17,10.33974611976535,15.769751241511196,377.17311212332345,1,0.15,720.4148702731361
7,16,15.15829470107293,39.288326059764714,568.5160264133154,1,0.15,962.5734838012123
1,9,8.893793464608533,20.518637211319543,724.3251722795937,3,0.15,534.5041761856925
4,10,16.347428637441958,33.35074406473266,314.2360244659516,3,0.15,913.128951908777
2,8,3.1404843208826225,34.06490986735438,486.31399549482995,3,0.15,349.8472089495349
1,23,17.27456048053292,38.23143495018073,652.5865953395099,2,0.15,1014.2813045418424
7,24,12.475089302901571,15.7637364273345,391.35264119174457,3,0.15,989.294202325828
7,5,8.081192142995285,36.80120846117519,217.6826898795071,4,0.15,633.0595435865773
6,24,5.1544660251660375,28.180654520995006,432.46567568462376,2,0.15,705.0732273622659
5,21,9.666931671097599,30.813602749145698,138.65576452011993,3,0.15,828.8759843452526
3,16,5.112933170964816,31.11175692802584,759.6684178015938,2,0.15,520.1002738530312
4,19,4.661305723890274,35.494945124618184,152.37484363648113,4,0.15,613.4424450257627
6,5,11.877628118607587,23.335183053977765,406.9197006754047,3,0.15,700.5513601136083
3,18,10.369355593308555,33.326279746499836,470.91688276196834,4,0.15,774.9368860030712
3,10,12.721536553775067,28.214452743054927,789.7126826010998,4,0.15,762.3338182879667
1,9,16.87369403875183,34.8348503576337,216.21527655000256,4,0.15,844.9411237188781
3,15,10.516163413424643,39.763650819253336,180.102063028651,3,0.15,713.0134377338646
5,8,11.294912852204764,20.01627543509403,106.0943029437805,1,0.15,652.5746024870753
7,17,3.434021426479074,39.86621603899995,208.9000058085116,3,0.15,610.6442318490274
6,15,13.482172574538072,17.24530385706935,245.09108534736734,4,0.15,924.0807700870816
3,7,8.3984833088665,15.057938697620347,541.4066591081646,3,0.15,547.4291221522966
1,5,17.627603818601262,16.10404840444578,253.7947532739803,4,0.15,822.8466278352129
5,10,15.170784249530564,23.544560118419042,114.36457031052765,1,0.15,816.5139109712189
2,22,10.359696648257893,30.822658266960854,678.6328418517421,2,0.15,765.6543856710543
7,14,3.9715624667546567,16.72573852219624,355.91699070277673,1,0.15,478.6323641396767
7,9,15.750652692489426,15.141645363239181,347.5876806065138,1,0.15,885.5637202456084
6,14,14.796497526784346,38.42727571146987,311.73532041754856,2,0.15,945.7362804826729
7,16,4.953362072592528,35.54816589849824,782.7612940024947,3,0.15,646.6574180312673
3,6,6.724452627524961,35.229579278475775,219.08079211649704,2,0.15,481.10880711552295
1,17,14.694516130365397,37.11060688754942,728.7666447672646,3,0.15,828.6754893867119
7,12,4.963655144758555,32.50085681930261,643.7623324979215,3,0.15,585.4578754875068
7,6,16.684039826742037,17.610103243702035,153.53596884951915,4,0.15,952.6655335701698
2,24,8.79243880314179,24.977504701843074,790.7103710505941,4,0.15,773.4266807335187
2,5,3.3926234014025383,33.078737161615734,289.9561744773074,2,0.15,310.12283457061704
4,9,15.051978296068494,22.008361519788025,169.00804891568862,1,0.15,804.0590289901736
5,13,7.976154928614202,32.18515910340594,680.5199638880316,2,0.15,651.2091234926041
3,21,10.423987106460496,15.612461206691309,594.6728735743899,3,0.15,765.1738212577111
7,13,3.7968695105795067,22.653433521989832,532.0531641145305,4,0.15,574.2140369412016
7,15,2.041344237519718,28.728258406929317,209.1866045892532,2,0.15,500.4310820973534
1,19,12.207763292692762,30.802245737656058,434.9472813791733,2,0.15,742.7995648343602
4,10,10.242802725339706,29.426016611547773,646.3892188210497,4,0.15,727.7708364222533
5,7,11.496617105970355,32.44390690183574,312.5367567006882,4,0.15,728.6869703958643
4,21,14.699901606088261,15.152218705995978,318.182879960529,4,0.15,952.5776699861448
6,9,12.345694614765762,17.523529999438036,102.19863423368548,3,0.15,745.7976401056915
5,16,4.796375085238035,36.723606306978624,221.97038115176568,4,0.15,567.2391800920167
7,22,7.772360305769597,32.04371610225403,712.783937585284,1,0.15,793.1281222176967
7,18,16.494257676604164,17.823291067150283,409.22254414639497,2,0.15,1050.9061290225955
5,15,14.319115204026863,36.05186093496448,788.9641494641038,4,0.15,964.107595235281
7,13,10.906192926987476,21.05578044561417,376.9955745016548,4,0.15,821.3196367895794
3,6,6.090319964948357,26.956497104880587,600.6305183461689,3,0.15,454.1560938846415
5,16,6.832968029356721,18.62991282211651,297.3433300333104,3,0.15,633.9442879945972
4,7,13.711329081370152,32.752751410542665,354.66674879865343,2,0.15,744.6944923670053
5,7,15.618788173644333,31.671360525356697,233.50819131362627,1,0.15,845.5604338803904
7,5,12.74279471248983,20.277811779153403,342.9436579495765,2,0.15,750.8842276312951
3,12,14.952479612295068,36.585019171425046,483.06626429445015,4,0.15,884.775731107493
3,12,14.266498163206496,25.032650605492805,794.2410166854746,1,0.15,767.0362749812584
6,15,4.395263487311324,22.312877276768546,564.94119915025,1,0.15,563.7204960954633
4,13,8.783117006612832,18.808239736613388,239.47216808581985,1,0.15,573.5266772476743
2,9,4.447740813257003,21.654200312888435,131.47300911408578,1,0.15,341.74174543896686
2,18,5.763769356831757,15.550673030595425,188.4495369201574,2,0.15,538.6521475196959
5,7,15.90815399441684,29.58143731140289,493.7886408911332,3,0.15,905.1697607963125
6,9,9.566271450130914,36.055768658598694,635.6122301717364,3,0.15,702.4011497473047
1,9,10.565729629482574,28.724511236041046,758.2934451105228,4,0.15,609.0398877714048
5,23,4.855135443644354,20.481849048096894,111.07622039777458,3,0.15,681.6657682028647
6,18,6.996348576780736,15.841729455346819,465.93209909330886,3,0.15,701.108763210644
4,8,5.683938694845919,20.36570183147007,429.6071493562237,3,0.15,511.29068330669713
4,17,5.298978632294823,25.403035701777306,559.2385153829928,3,0.15,561.7617839880978
4,14,12.207372693055522,33.99028571749491,491.70519812573934,4,0.15,850.4768425534043
4,22,6.110141562331437,19.696071313444353,580.9274054077364,2,0.15,616.4299125164014
4,12,12.112247776326695,32.994786333867154,560.6578093244332,1,0.15,731.6574087491376
6,12,2.9352738257368625,36.673336708797095,181.90820740056233,3,0.15,520.0002440204644
6,11,4.26839029643363,26.34867120270893,659.8025395331038,2,0.15,514.6369347432224
3,12,6.392644064002006,35.53579979106483,186.2628030014274,3,0.15,577.2580886463148
2,18,11.552750670331067,28.86643370087739,588.971437646396,3,0.15,737.1127236727189
7,23,12.813459921398016,30.927270927022626,391.3017573484247,1,0.15,968.6821532334453
4,10,9.083471468472434,28.15696150845507,459.69551420361853,1,0.15,624.1497843148967
1,5,9.132654633235664,26.579317918783545,732.3086100629974,1,0.15,465.69777358286547
7,19,13.59226962237789,20.866336044396235,722.9186085314406,3,0.15,947.1821472544866
6,5,2.253137468249319,22.579851486526152,672.4994139585207,3,0.15,402.8797365150484
1,21,7.457440391587529,22.249252973590224,457.1038663194263,3,0.15,618.4180877630748
1,5,15.099312913907724,29.08222327384537,615.3678670936832,1,0.15,660.6128266562808
1,19,11.651510563413956,17.99884232559725,459.0279388631666,4,0.15,748.7984181502142
3,6,7.395634124086726,37.91979226755838,708.7242577323442,2,0.15,498.7531804853937
6,18,16.488396677274782,33.01637863207783,381.9430832630299,4,0.15,1076.2796560601917
1,12,14.36196363919012,25.03614077282984,779.1647410904137,3,0.15,743.8409374368374
4,12,6.238327155787735,18.96560361315945,752.6259307602143,3,0.15,529.516938337711
5,23,12.32463740041147,37.049804243040896,619.1218336162499,4,0.15,954.0473578617185
1,11,11.532011651023307,35.59445225252913,295.5911189232504,3,0.15,654.9123132068767
3,23,8.419006624623723,33.043038817929485,192.15751215528087,2,0.15,735.9649546197131
7,10,7.871297267276811,21.78867618528106,698.2924150652383,3,0.15,670.4028505606275
6,10,7.496967596411263,25.06116593584172,215.7116002965729,2,0.15,614.4630909834887
3,7,11.874492534330349,17.568706311310585,697.982552298135,4,0.15,685.4669359434841
1,11,9.078558983690712,19.725988118188294,443.5355046986523,4,0.15,617.7583809122297
6,23,15.309809812022753,34.57541593291832,384.58974866567297,3,0.15,1082.180139312717
5,12,12.71364185814339,32.875967971267094,732.2335451841004,2,0.15,818.9707019497042
1,14,3.118905691350946,29.837144074398367,522.6956877781945,3,0.15,398.6251003133412
3,24,12.242691581250657,37.39316814815432,503.6298049908024,1,0.15,886.4640804192344
2,19,6.338358984002957,29.581662945326137,491.13616123707834,1,0.15,554.9680083822262
4,19,11.484991866454763,26.67419999909027,359.818661213672,1,0.15,798.2149818763239
7,5,12.882110897655222,23.509268657644068,649.950172470389,1,0.15,713.7104470407512
3,24,5.693267026464193,38.51121264340431,276.9589108110411,3,0.15,683.3558475311156
6,11,9.309738318085898,17.067886538108837,757.2264720288925,1,0.15,633.9350662367831
1,8,5.045197805105085,38.27218430152021,725.7896435328726,2,0.15,413.71091272063643
4,10,2.837422012584133,35.66786649827546,336.2362279724287,4,0.15,470.3290994278335
1,5,8.055622775773905,18.24824811339253,610.6246388821646,4,0.15,464.98662157099363
6,9,7.807108349535872,29.12460894188134,501.256236114714,1,0.15,635.9272042190682
1,5,17.92768785126811,36.663699543727176,336.35451139946423,1,0.15,781.7470581861052
2,8,9.141637619162275,29.295229090178843,791.9651535968127,1,0.15,497.65978229249737
4,6,7.337112791555207,37.67999553901556,117.66614209378494,3,0.15,529.7365816057019
4,14,11.287600107466794,38.57459542040107,276.8522214349007,4,0.15,780.0450764447825
6,9,3.4202783057242954,25.559613054607645,464.0518427778053,1,0.15,443.64120231798694
7,14,17.38665177527701,24.43284153515809,465.3671024349947,2,0.15,1003.4748139039834
2,5,12.15936072945653,38.40802884922892,512.2531524618948,1,0.15,602.4053884886971
3,10,14.077405119053564,31.8785015287417,626.1733204160435,4,0.15,821.8179748707227
1,17,4.727647010782681,17.90056703370423,536.4344813635075,1,0.15,444.09141382218627
5,19,8.551645648083262,16.05729373056703,520.1970223696259,4,0.15,756.1406620319291
1,8,8.763025814339032,29.11572627493158,137.4601240391303,1,0.15,493.8995032951448
1,17,15.148903102417389,38.254274135960614,363.57120145250883,2,0.15,849.1830178383965
3,24,2.019786876150551,36.10621756014546,262.4390177908092,1,0.15,475.77682589216084
1,19,6.813649733652081,31.89619366160841,285.7590781213828,2,0.15,571.3852667553426
2,12,17.699781989508864,18.477896222277188,488.0362320382414,2,0.15,890.5842096525317
2,9,9.598184696099498,21.355784593717388,239.6537204507259,1,0.15,543.2314414818704
4,19,8.120420483904132,36.887780663815406,305.7643707118283,2,0.15,715.3761553949778
6,8,3.9172640322823415,19.570180916422512,265.95929596213807,3,0.15,460.7238519143261
7,16,17.586634058048247,21.960985206260865,763.9520602527363,1,0.15,1055.3603914386385
5,17,2.3204216948131915,18.24001627988605,761.2660125197666,1,0.15,406.4484263888641
1,6,13.79488360011589,31.90270578536028,526.9590910172362,2,0.15,670.5037949405638
1,23,14.297596876616135,38.59955763408024,747.1657281123299,2,0.15,926.2928340751106
3,23,5.898507457021866,21.724200789884648,650.0688518278612,1,0.15,639.9880325014216
6,8,12.744935097808597,26.88516519625184,512.9635179612661,3,0.15,787.7639528328291
2,8,3.486866310070239,30.858493492780106,104.504648047757,2,0.15,327.8040979787708
5,15,6.112756262913278,39.986656205390766,640.7614002555828,2,0.15,646.2559103569181
4,9,14.60643181267624,17.620201624939302,591.7418391119281,4,0.15,824.6181125449662
2,24,15.834979072536644,27.46426998764273,530.6775572976899,3,0.15,990.241281734849
6,15,11.735782602556661,24.6280029975625,632.2970181777303,3,0.15,819.8373027682723
7,14,10.109414909127722,36.64550413055888,459.045515342336,1,0.15,746.8000283981435
4,12,4.548864329903685,26.899193275291395,592.8582899249374,3,0.15,514.8363048380531
7,10,3.0097445292664027,17.7744381146287,754.6204607085454,1,0.15,460.40014479144037
3,10,3.882384455576938,30.86060363216459,363.0635110922604,4,0.15,461.2052414294282
3,12,5.6377168015375805,34.26951545659699,595.6852844304378,3,0.15,512.443445606834
1,19,7.466792030350733,15.072031291640364,432.9814726076711,2,0.15,555.6457914975533
7,18,8.094552408175796,36.473917135515734,572.0797562697871,4,0.15,780.3752368850285
6,15,7.541148297424057,19.65057500014164,634.0253348880549,1,0.15,632.205149388495
5,16,5.82488531515625,28.801734116334444,131.81675030505718,4,0.15,623.9565159099911
4,17,10.15558794802717,25.394937517186253,552.6203107640633,1,0.15,683.3517905509094
2,12,15.20457773172635,32.99134541526326,258.7188290848612,4,0.15,868.6741389803782
6,22,6.4752566155436675,24.279040369643546,569.0227764652967,1,0.15,670.6712648687943
6,5,17.07819230563573,36.74407941704277,427.83113015366945,3,0.15,942.5313034514294
3,19,15.973386587581565,33.26240902396975,641.486919305421,2,0.15,959.8435783035786
7,12,4.588227381633754,31.192829276573036,186.3805706439175,1,0.15,552.2640260244088
1,15,14.580415308113512,34.90601488907136,538.4256461593366,4,0.15,880.9797390387819
1,16,11.193398117084266,33.85057587320956,294.92951024928664,1,0.15,653.8287452264732
4,16,11.065205794742697,15.898466873038833,697.0873967314141,1,0.15,740.6053430465286
3,8,8.25668420893079,24.868358846120703,749.8684539454152,1,0.15,511.33363412133025
6,20,10.018447986912156,38.27018243291225,797.4788055753388,4,0.15,929.4723563238847
5,8,8.354860438867377,18.143106724805655,657.2051816990983,2,0.15,573.0188868247825
3,9,10.635721900159085,33.42741376080128,627.6138492996032,3,0.15,654.5452204242575
4,9,12.047200844362173,39.364795283383245,250.85053120728574,2,0.15,737.2099379748963
4,12,12.788860902544775,16.30496572612429,335.2049412930761,1,0.15,731.8894095340808
3,14,10.519699080950819,32.05484701566526,425.97777923359564,4,0.15,724.1024791107791
4,21,13.542753077259707,26.70385353252576,641.3667334475748,2,0.15,886.6466023241616
3,13,4.260448788408093,29.479381384368054,740.476105554578,1,0.15,473.49886943858337
2,23,5.3917198544358165,17.13353341210812,232.39737001608924,3,0.15,577.141262385416
3,18,15.099760065188322,16.075173796673486,745.657239269072,3,0.15,908.0661141842115
7,12,7.160447645542643,31.671666513773044,586.9372566478406,3,0.15,698.246850157174
3,13,2.366301199617924,35.58273574551795,527.539511479527,1,0.15,409.28454531375695
4,15,4.4606583946884975,34.55038337332418,239.88888989735767,4,0.15,555.9155708304548
7,5,5.57783095194098,28.595143196655933,138.86752296640537,2,0.15,508.99310210040295
4,18,17.317166206313395,17.496670528404454,497.92542895555795,3,0.15,1000.341952993288
1,9,11.168662862893589,32.201111095900345,556.0609783302248,1,0.15,561.5044915918087
1,18,16.923691847620077,21.047222088853648,247.54701454828177,1,0.15,895.6503954603855
7,8,11.202613607945999,37.77671756918459,489.5193440778195,2,0.15,760.5266255445829
2,5,9.669671042205628,35.95663398864262,699.5453819338015,3,0.15,591.1851390721985
1,23,7.019643059105537,32.73457417718477,684.546161818514,1,0.15,599.3252663884425
3,12,11.70193511093401,38.721148895778256,749.148626410408,2,0.15,748.4233833987116
4,19,4.227168393880477,15.785545537781823,356.1200666898163,4,0.15,602.8138950981735
1,19,16.372186036683296,33.40501062651905,322.6347007856431,4,0.15,957.0754609598516
1,13,15.26931848226054,23.256069483410133,624.598204186566,4,0.15,786.8930196875606
2,13,7.080503166027793,37.651647142159135,401.7786835679035,3,0.15,560.0437283753256
7,14,17.24476044162071,21.66687991654944,161.28406481944643,2,0.15,1054.7843578176312
7,24,15.20321227864909,33.12141248287543,297.96079146934983,2,0.15,1090.7356639068696
6,13,12.660910173360636,36.94117549126953,393.00759987204236,1,0.15,838.4116134219644
2,7,3.9481905780043967,16.04142045956706,304.76149783337644,1,0.15,314.4654692868051
3,24,9.651744368769156,24.941189489800905,332.5438996631251,1,0.15,753.7539789443592
7,15,10.097720877548014,34.05772580054847,305.64313432207354,2,0.15,762.159928041013
4,10,5.720821733846082,26.372972237689677,129.0494170281556,1,0.15,495.6830033822535
2,6,3.279446309748831,21.681315744839882,545.9662905771097,2,0.15,330.8962185529165
1,11,14.427578087547083,20.49513372057975,518.1046942474285,2,0.15,713.6906879356837
4,22,3.9525608339903204,18.28795667290945,557.3684489350765,4,0.15,606.1944617688592
4,6,11.508652008988395,36.42823899640706,234.61692722353922,1,0.15,643.1703532621186
1,21,16.983186782138567,29.383885081288902,306.9581791287397,4,0.15,1003.8904308765091
2,15,16.01768308156868,16.9096236247864,533.7311488614456,3,0.15,865.0960716619015
1,16,6.444041979988178,24.564508089265885,519.739297921945,3,0.15,558.0150498971451
6,23,15.623178200820245,24.193341270127746,454.43121654798745,3,0.15,1070.5277352563899
4,11,2.0053200979278305,19.543479767736574,345.28927500713814,2,0.15,320.512961967385
5,24,2.2830049538121155,25.887690636804766,739.051703342283,2,0.15,580.591114842484
5,10,11.64085062148584,23.30248413482841,337.83916960919066,2,0.15,747.3105177060627
3,5,7.836771506312472,23.545092637304563,418.9334095060761,1,0.15,441.5634084715946
7,21,8.183373458546354,33.475663944698965,574.6796816679462,4,0.15,851.8061056656622
1,15,11.03105745086212,20.58158463762991,480.1150016067349,2,0.15,698.5585811317032
1,22,5.068519289469769,31.046498971383887,342.8201834550699,4,0.15,595.2092510920826
3,21,5.388085610647654,29.266240597023373,404.95135331955686,4,0.15,662.3149345547927
3,11,9.753625392301835,29.20231280844668,656.1365724974543,4,0.15,663.3372585385039
3,21,14.068056709501809,31.575183653544396,294.6904088406287,1,0.15,886.3854745437369
4,24,11.911964022521403,28.70955090489135,199.5786678437708,1,0.15,863.8906413870592
6,13,6.757680771789422,36.981377871159616,319.21424128084396,3,0.15,650.2484852924181
1,21,8.88539484014274,31.889502298756494,694.6739508415309,3,0.15,692.8686319514691
4,24,4.7306361367999745,28.674081284284703,162.29280039944265,4,0.15,643.9697510959397
3,12,3.1940770293933074,35.74407800719112,794.1872513607162,3,0.15,437.79121035188655
1,21,14.523136651906388,30.153664123336995,478.70202924936376,4,0.15,937.2964081102647
4,11,6.246198547011113,22.278606194629475,789.3920207769659,1,0.15,484.7610573002965
6,5,4.844262205619971,20.17737295441428,757.2974954601843,1,0.15,408.49257119885425
4,17,13.06588888910911,18.80819464156697,416.9695999476417,1,0.15,810.7426505090643
6,23,11.888826788594976,37.48638031365254,238.94375222374435,2,0.15,940.5621709384479
3,23,12.131034016215425,32.75338579495164,215.4193435955969,4,0.15,912.265563641047
6,21,5.662313677545818,38.43446095410802,267.99255470897026,1,0.15,675.5578986815729
1,17,5.722328617002896,30.082295142873576,597.0928483951761,4,0.15,555.8422275985785
3,20,5.532842076570226,26.835022037372816,291.0649963120415,3,0.15,601.8843102634372
1,12,4.780041530596712,16.49291222427223,338.9976887230088,3,0.15,395.524898801294
5,23,12.491578760986501,31.791057038650745,414.14516279623035,1,0.15,904.4640048262906
2,22,15.568254163990423,29.55521899420578,739.2628762950194,4,0.15,997.7136641598228
6,5,13.58907951482658,39.75522233969053,232.57539251939227,1,0.15,775.5517090555127
2,18,14.673498140168691,20.978969444556075,103.51858682686218,3,0.15,836.1560465339526
2,23,8.476774865363197,28.268433882170896,142.0674872647191,1,0.15,690.1282783771499
6,19,12.46521272595197,31.273933377951817,733.3364391760825,4,0.15,923.3379549581033
3,22,7.6677798471163925,31.11477936855859,553.2615253903541,3,0.15,741.8877438063392
5,6,10.40807395149824,29.032338573710067,291.1284335294647,2,0.15,651.3564918215711
1,21,9.706157544557797,34.423200258180636,224.03475070783378,3,0.15,746.275993649406
4,22,4.83019432230167,20.12453023817041,305.98671564598004,2,0.15,603.6669595261113
1,10,8.193260165370093,33.14068000686039,180.35784907589607,1,0.15,500.15402582029435
4,23,17.421156407717618,30.49336428582723,759.0730371991087,1,0.15,1081.3974190519223
1,8,5.977284123439073,37.40187779486433,648.9443220556868,4,0.15,485.7632489451644
6,5,4.1408597804718195,36.179860975839546,423.6738238387785,2,0.15,451.5570568252239
5,12,8.697289945982964,22.87867597831383,705.4738235806414,1,0.15,623.7298335541265
4,11,14.64540377376237,21.905933124378826,274.6207430052626,2,0.15,783.3045372576338
7,7,11.314371676479556,39.54133309631119,601.9843979305355,1,0.15,740.806359018734
3,14,12.895597235811913,28.181629522881416,699.2927493096204,3,0.15,794.0962681513448
1,14,5.035117570794835,37.66052409786092,349.73809813629083,1,0.15,456.7990220662561
1,23,11.903171088123544,19.097025594512054,630.2251118155024,4,0.15,843.4129033067879
4,18,7.17600631858358,31.070472870004355,306.55064448501656,3,0.15,698.4243523563767
3,6,15.34885385527628,35.24650468401465,309.1999946813215,4,0.15,823.8195001785799
3,5,12.068780896171779,38.684881239661166,174.94002498793026,3,0.15,654.50744392294
6,22,5.1817004444047345,23.433503525425586,408.0406325565791,2,0.15,627.5234998239414
7,11,3.0338668775053783,33.12452924810131,610.7983345481955,4,0.15,526.3781373777043
6,12,2.682131348592524,28.470325225990475,758.1545638998995,1,0.15,477.2498550298254
6,5,7.942537082402252,16.515723151661703,522.6578943503673,2,0.15,589.2322119975602
6,7,6.253618186469016,32.249993432723585,704.1948764150173,1,0.15,516.4936116401174
6,12,12.337441975400129,32.25241395594608,675.746254503159,3,0.15,804.9699049872765
6,19,9.989341359657892,38.26517012116342,221.3401370826966,3,0.15,832.0564312697146
5,9,6.2563084480860915,27.43281115422431,440.072200238842,1,0.15,535.8761288683072
3,7,4.387804447202818,20.756273017762865,181.84647486777402,1,0.15,351.88730170820077
6,23,4.0351962029991935,16.11409558621698,577.5072130931444,2,0.15,643.1854894376476
3,5,15.834566274246683,25.391054667147642,764.9297677722532,1,0.15,750.6675676253161
3,19,5.895647494477876,22.547917501937548,195.96262065512957,4,0.15,637.369603740373
2,12,12.427370366575493,34.02720765059689,613.7181915617789,4,0.15,796.3589942849784
5,6,14.97097484778026,23.856694121026166,542.5667056075026,1,0.15,788.5647903645352
6,7,11.825300978955777,38.7267799078711,508.5235259056698,4,0.15,788.9140296580174
1,18,15.753043706351132,39.057755074694605,373.08416428183745,1,0.15,909.51063365051
4,18,8.278299544455592,30.5227147554427,348.5921534276688,2,0.15,698.515598221611
7,15,17.299555050383173,38.21650717537207,131.6744323132215,4,0.15,1081.950237579837
1,20,4.130320066849551,34.021358612862386,252.53609577640944,4,0.15,554.3425460544175
5,8,3.6343924745206095,28.671491024378156,110.62381760077884,1,0.15,420.160083987448
4,24,12.539074339319097,19.507698385569455,506.9919739074144,4,0.15,929.9711026091107
5,9,17.085298262612188,26.464948587846,174.09726511453619,3,0.15,920.3311410238701
3,18,14.94213538618125,29.02186158406544,711.1135758208012,2,0.15,891.5423411461437
4,20,3.222669751008823,36.59903951837525,466.2001144880157,2,0.15,537.0542134128366
3,22,6.469883422955462,27.03333441339162,589.7829363410958,4,0.15,680.6807250492707
1,11,16.88510215740518,37.44186681694892,387.5999642883475,4,0.15,867.2854436897674
1,14,6.048934924812553,31.858724475586722,492.40586630073403,3,0.15,520.2239028450157
4,11,14.498726780590708,18.424976576341784,759.8614238766413,3,0.15,833.3169284643639
4,5,15.20211513485926,39.87453423312732,157.91382773656954,4,0.15,838.7898666143545
6,23,9.927233655375709,28.180816518847816,277.7564403465873,4,0.15,894.4770159276885
5,20,8.181582557573048,24.79645741022697,645.991828837381,3,0.15,744.9968105098959
6,23,9.201990918716154,31.477844111738165,169.1160448178661,1,0.15,844.1265642757429
5,8,5.631435109845826,17.722332849525976,152.9627727328776,3,0.15,506.03184585564895
6,22,16.230254658061508,30.913466168833857,353.078979127827,1,0.15,1073.7044492065131
3,6,9.209914507676126,27.455900012481823,164.51757093070262,2,0.15,530.6025381240609
4,5,16.1193510472976,25.16685174996458,509.55490954434214,2,0.15,813.7111209643904
1,19,3.6910956785003854,38.82550052947248,258.39267557161986,3,0.15,485.7325388085219
5,9,17.812404336002103,28.06349291830133,726.9885742395606,1,0.15,907.406352571659
5,24,9.092369399097892,20.47793698674846,648.4500565916796,3,0.15,813.7117176499979
1,15,2.7652931263056875,26.474086984432468,589.7936442696333,3,0.15,392.0044105252722
6,14,2.6083495717992786,37.98468511431682,531.8608191691513,1,0.15,476.87716955481295
5,6,13.939316119709417,19.402386783264866,704.4260112390243,3,0.15,798.3251461625381
7,7,12.544568547258892,20.348925967205922,256.14344307992985,2,0.15,769.4915115672229
3,16,14.8340889300414,15.325739193927093,711.1761899349593,4,0.15,893.6828291265318
4,24,3.6858805432448953,15.354751234894179,652.6446088968366,4,0.15,610.8947465948837
1,9,2.5691338725687736,35.73479067396281,623.7125784713799,3,0.15,353.6606576252135
4,9,10.137268631161255,33.3030651710739,492.87897465244686,1,0.15,639.8601254120331
7,10,8.201523703724312,23.87602641129896,272.37091267942003,1,0.15,631.6887963603047
5,13,9.391150986735292,32.457778930689315,396.4835411943274,2,0.15,666.6912750792362
5,6,17.865414541924384,24.880148157749254,655.4994581771612,1,0.15,883.9356603720147
7,16,17.531999322730723,38.822419899945686,122.24493905012712,1,0.15,1070.367196596203
1,7,17.077046234771085,39.17631703565087,647.4355384846308,2,0.15,785.8841370039974
3,24,14.541482828282781,24.819844395233584,268.04951834129656,3,0.15,963.2737732087645
2,16,7.677461764110246,36.3555476585217,201.01644050512212,4,0.15,655.9876932608603
1,21,8.594094884204345,34.32722604243665,180.99092272621152,2,0.15,637.8655988683718
2,14,10.793856699502792,22.749998429294735,119.07500836557058,3,0.15,676.932938458342
7,18,15.288551302477439,20.80099572252765,466.51053965501706,2,0.15,1004.8389680030299
6,21,3.099405320292284,26.455866259820844,252.78191088561064,3,0.15,632.2633543769934
2,22,8.78875017415821,34.53372101536016,792.6022360457421,2,0.15,757.122433864001
3,23,3.321882615348299,39.004194618218634,502.105729110544,3,0.15,624.9452788318603
6,21,10.234521385176185,34.08947672166431,196.51968854920727,2,0.15,854.2178532099831
2,18,16.382413184099768,36.38017462545925,582.1337785679557,3,0.15,944.2701857520417
7,13,14.519758793023007,30.076607654262915,728.4204965568077,2,0.15,942.7689145926173
6,12,5.645478680689759,35.88519577105315,621.62564675873,4,0.15,614.5476890062482
7,6,17.61585359358068,34.61052145008544,153.50790272761336,4,0.15,980.2287522515389
2,17,12.677606368742854,24.424638548157002,727.1189268348617,1,0.15,748.2478596809334
7,11,2.166843190358449,28.799757553018026,655.7505701019753,3,0.15,477.4256819885306
3,13,6.086615754963512,35.118828049742376,210.81273007393003,2,0.15,544.962405959654
2,15,6.171412798718665,16.15141835474891,136.2501221129718,3,0.15,518.1785430445894
2,18,3.108068900573759,35.20198205889575,490.11740272001595,4,0.15,509.28782575438146
2,8,17.357224289214862,19.447203101225586,209.22506793798385,3,0.15,874.5727238024649
1,17,9.65208471321478,27.867090428035972,684.2136668166904,2,0.15,651.0664148860523
1,6,16.33303355795011,35.20688598889844,350.8342596701716,3,0.15,811.801349274037
1,9,7.155448055114054,21.34552695391737,739.0247113156028,2,0.15,479.5001043811869
3,15,4.003737126925234,21.145185982653825,495.981720498704,4,0.15,518.6893831503766
6,10,9.589377758499422,25.069109961556297,227.8706689677677,4,0.15,716.1488306910439
7,22,3.8233061554290746,37.36606993944086,197.71920715186008,4,0.15,729.674979896161
5,14,9.776248047640639,15.011069535930197,503.53070629042776,1,0.15,672.6857875985562
2,8,16.724754899510522,37.53457741604838,633.3185283037108,4,0.15,867.6280945064017
7,13,10.332290269347403,18.845175616040194,647.0539534195275,3,0.15,787.5018963345312
2,10,11.863995630321336,39.75215940168705,293.0301831088969,1,0.15,664.7607367159077
3,6,4.506214991580933,38.8711748259617,242.97273123851724,4,0.15,428.6189325760645
2,21,2.699770014079512,27.366879739782085,111.72941314466769,3,0.15,467.00029180279864
1,9,3.7729273948769126,27.818006195315704,575.4394058408186,3,0.15,385.9621267201751
5,10,11.57650521094985,27.038733506896357,153.5977809034773,3,0.15,762.1426251797164
4,16,3.5201871838768746,30.886091141488066,394.53284123614804,2,0.15,467.1234682979958
2,14,8.015886239060983,17.268042555873276,521.1775148128072,1,0.15,529.5223352102072
7,10,10.801471047330496,15.815448708539163,755.9762614437739,3,0.15,760.3559683048438
1,12,8.218444778077552,16.44257321039747,318.2614958690381,2,0.15,530.1608741195218
4,6,4.618940823444824,26.109133731037858,274.84051371256385,4,0.15,422.45755623778376
5,16,6.380660920225704,21.888698480487086,557.912108000269,3,0.15,631.3714065977819
4,17,16.853080525577234,30.550989059274844,533.4673224375072,2,0.15,990.4773938891948
1,11,12.815716409381686,39.81105723436947,332.4768483156872,3,0.15,718.2364241419276
6,14,9.936765418878185,24.658079326911647,749.6712848568505,1,0.15,727.8905016197918
6,17,2.2034382397902963,29.346031352612833,691.4036292427429,1,0.15,485.3883477806901
4,21,17.878646407831525,25.390097397683387,256.7877821055568,4,0.15,1114.0216974046189
3,18,12.743278958314292,36.181791693046485,267.3997818041662,3,0.15,835.3017368032445
7,6,7.070759637519119,37.555910086555954,458.6102428209564,2,0.15,567.9688876611156
7,15,16.068298559965413,36.9338903051315,641.5004712115042,4,0.15,1053.3698223377178
4,5,6.13490592466909,39.35930596698144,130.82826557192507,3,0.15,465.09014686812037
2,23,10.704265266924025,15.687979628510382,585.3346076142947,4,0.15,762.0790300238507
2,8,12.177132219677201,35.995404053638275,553.7651281674679,2,0.15,687.8674397302398
7,23,5.537013943259655,33.794304325977336,262.03606713909176,4,0.15,755.8024548718375
7,15,17.654356460809534,20.71736023500912,576.9471092689441,4,0.15,1057.305484829171
6,12,13.97107049566396,38.90800233468819,758.1282338764578,4,0.15,905.1142953112787
3,15,10.925011608177119,18.704448205748637,132.75009148023796,3,0.15,708.2990659666063
1,8,4.889513570804814,31.98874817834771,323.7564387044438,2,0.15,377.2738680224192
2,21,2.861731311968418,20.622255420397813,406.7237016664487,1,0.15,431.224244375772
7,11,7.1209573203357355,25.784516219351865,729.4822512472828,3,0.15,664.8740033859017
6,12,14.050997374614445,32.978997423614224,773.5830126264096,1,0.15,868.1780868700812
5,7,6.309300772832401,29.083116050826167,410.8806725474326,1,0.15,467.9503721130626
6,6,10.632899527928082,25.687545783202793,625.0198884995339,3,0.15,680.3208696933193
2,19,13.64715482769189,23.15846077329968,472.1627166351381,3,0.15,839.9269653283939
2,9,3.7270994343434296,35.99149139271976,476.44805431896356,2,0.15,379.1355700637729
6,5,12.964768257853974,18.595358757870343,294.6696605464495,2,0.15,753.3135975013683
1,8,3.4699342033607152,25.752571913245,251.86937210471567,4,0.15,383.88282328754474
4,19,17.442075874031943,37.59393929437856,301.60374214682884,1,0.15,1064.8409122560017
2,24,9.814306081039033,36.14623876149919,489.42960507995554,2,0.15,730.3325923955314
6,23,4.410817723358038,25.023544061826165,120.4086302154623,4,0.15,679.428021947238
7,7,7.478138176536744,34.07770909003271,735.0742610494841,2,0.15,648.1315834353347
6,24,8.614663188724183,35.57902076772148,209.39859668484337,3,0.15,816.867736401392
3,15,14.130960177224598,37.22218560009074,254.0620738099706,2,0.15,881.2421858864111
4,21,13.894780577225749,28.6126442262307,462.79332351335245,1,0.15,904.1833120051122
5,17,11.791048085397296,20.111522151367794,597.0803364360955,2,0.15,815.536621676408
1,15,3.6948914009358873,21.38272691259829,167.0103383210781,1,0.15,360.7993296792641
5,6,4.425109945402777,22.392366851040105,322.3862882830135,3,0.15,436.4441339655715
4,13,3.500110730328906,29.845062020240388,778.07222390205,1,0.15,478.21899578607037
4,6,11.234764532600801,15.820240603215211,283.640076746662,2,0.15,627.9934568410264
4,13,16.03421506418246,30.901061719499207,319.1351015442028,4,0.15,934.6591392614309
5,13,8.940808196076349,24.1088559607058,685.5489434326234,3,0.15,698.2059547313156
7,12,4.573570783323939,22.381045062241054,135.15010218331867,2,0.15,548.8021930036464
4,21,10.928677202383472,36.98741426820316,425.2292181662796,3,0.15,856.8878464818551
6,5,14.988035469851358,26.500059889519974,365.7317351161692,3,0.15,817.3365046358791
5,15,13.86739298420688,17.37632613831732,321.6107319360558,2,0.15,854.8801906825547
4,12,16.103212474800344,35.668669200656176,299.98971583133516,2,0.15,888.293915110182
6,14,6.446433555981885,16.191031435912667,163.96187340228644,4,0.15,611.8323887993415
7,11,5.103261876284398,33.16873060420492,320.37808054615414,3,0.15,605.0064173212149
3,7,16.077063775071018,34.34765554426663,130.136681900968,3,0.15,808.5432586127745
7,7,12.52096500444837,23.815065148221453,646.6747045511047,2,0.15,769.6615542759431
4,22,6.974862880120867,35.61969640694467,378.75945577060816,1,0.15,700.0711103312055
5,9,13.877568809160147,27.891485146411334,410.7326826239381,2,0.15,770.5958669094136
2,16,15.041894151685886,26.58234133181992,725.5162105150921,3,0.15,880.433489245728
4,16,11.839651845458118,16.135082036717314,560.6384887028546,2,0.15,764.5941685067369
2,23,13.006145758078642,22.250729841222647,105.64137233948385,4,0.15,875.2607282760451
6,10,8.004158471082661,38.2752492721325,760.2223760728995,1,0.15,668.0168861738133
3,6,10.619130677488625,24.7955990820875,266.0011261843979,2,0.15,595.8518464201364
1,16,10.386546731618596,28.66751301391921,175.32992933190118,4,0.15,692.168547335995
7,23,15.56876465809235,28.300541974606297,637.6897248666176,3,0.15,1082.7533175478136
3,9,15.43942368451492,29.760777245567333,450.3341211067027,2,0.15,825.6442441951071
4,16,15.322887509552691,16.533273891082064,403.63939621261227,3,0.15,900.8598491416991
2,21,2.1765058281994527,24.054406369968206,274.65215577791923,4,0.15,509.3896755127537
7,21,13.992727751502212,33.07820684706385,483.23004290362303,3,0.15,1026.3131849507101
2,14,14.138822241776078,20.014006276824574,292.0692236418112,4,0.15,845.2035491660766
5,21,12.85406116568227,20.089459438659013,731.1081037009473,4,0.15,916.1755410072102
2,19,14.100234526263241,15.252265167225618,250.64313581323495,4,0.15,856.3253413881318
5,16,15.47152594394734,25.937048165205244,719.0486053190275,2,0.15,931.7888740053634
6,20,9.52510486562857,37.06835951683555,491.58379800914986,3,0.15,835.0198796217578
7,23,10.032803415815154,16.297523589682726,679.9416937266687,3,0.15,879.5032643641143
7,12,3.9954249105822477,19.777967737400065,598.9921971026686,1,0.15,561.1356315850092
1,21,8.166014128757789,22.75211345856888,587.686578005724,1,0.15,658.2036047814142
4,9,12.29384287858855,33.29311841410532,327.042065386539,1,0.15,714.2052798681781
5,20,14.486396418356392,31.015889820064665,263.7278520305424,1,0.15,946.8871508535799
1,10,5.475345563059369,25.398597614546375,247.6203593765517,3,0.15,430.0063475273059
2,12,4.205166386547766,33.97672348145939,700.0341599417121,4,0.15,451.14939808099825
2,22,12.608672072007876,30.240775291422548,674.298774181314,4,0.15,877.0232406463044
1,16,2.0300781363985703,37.40101999143047,408.4014696086151,2,0.15,399.57661979033674
7,19,4.853961348917277,35.45066872846732,192.68322944751822,4,0.15,732.1771855361659
2,13,2.4651420855032598,21.320340152230013,367.57657638422086,3,0.15,404.1746516314132
6,17,4.670161885677935,21.785964440855004,533.5404178958379,3,0.15,579.9391267969258
6,19,4.901108478808084,18.13391189480964,418.082208135967,3,0.15,630.9551110374232
1,14,8.202777516006307,23.424118142936415,646.1324879380965,2,0.15,525.8560389773055
5,20,8.437233994984895,39.988597967977356,798.3359755759698,1,0.15,763.6629579244918
5,11,15.988199529763804,25.143779215376526,233.7924619142278,4,0.15,926.0549644687914
1,21,10.161755399981203,20.512210867227658,421.7555737617007,3,0.15,722.4875529875629
5,11,13.57447624979658,34.062072111888824,401.68873134457544,3,0.15,852.8007822708137
7,18,3.666197726724599,28.561775086566403,313.14477292426557,1,0.15,637.4823814614487
7,19,5.607020087419102,18.740036238173815,238.66686170420272,3,0.15,692.7212562127198
5,11,13.247095055658828,24.517242029021645,145.98448154276144,4,0.15,832.6587692354664
6,13,2.8448633674964494,25.361742888483583,720.9835220565889,2,0.15,458.7919897710283
5,23,9.78556259590005,33.845742514230466,393.8940883804223,3,0.15,883.4360935979096
7,20,11.589903450606942,15.516784222297611,447.8268629500342,4,0.15,920.2890678187479
3,12,11.634330304839697,21.725491169957763,741.8594337406411,3,0.15,751.93264672288
4,22,2.3669249802886725,27.93990753288805,643.4033342611634,1,0.15,530.8644978684101
2,22,7.153728067666968,21.721168561321083,191.35088488202894,3,0.15,647.703113158156
3,24,12.183850416786465,30.710851185474972,495.7939773254197,3,0.15,867.6555177486207
5,11,4.383995778387895,27.046686981865413,409.5765935636914,2,0.15,496.4612650604466
6,7,13.126650373248852,24.042756371489517,658.047750805134,1,0.15,737.1988270455122
1,22,13.934803341018792,38.73021567176281,606.9627833283645,1,0.15,855.600357292428
5,14,17.711507047138326,30.803987479661437,583.2840053377504,2,0.15,1020.0897200064204
6,11,5.357471917702551,18.24853430669853,338.38138483592786,3,0.15,523.8126762671403
4,21,15.202090682657843,29.002292436084886,663.4746112794782,4,0.15,1012.8688894285161
5,18,10.324745230698465,34.51829633002252,136.67390691640287,1,0.15,789.3354513871949
7,7,7.975401538306775,32.71224243731993,211.73743100251704,1,0.15,623.3696287318382
1,16,3.958028117202847,19.302230732381485,334.9362910845382,3,0.15,417.21348677692345
6,17,13.768089703800602,39.31049997600258,153.7652087484969,3,0.15,963.2356189925042
6,6,5.7737215862989935,26.220341143665152,264.49599427428416,1,0.15,507.48149887409636
6,7,7.942752029968732,18.975625093506533,681.1056880985427,3,0.15,607.3244346571669
4,9,3.000675630357895,19.504893853203697,763.7760764530556,4,0.15,419.9671037201611
5,15,14.821870653112304,17.455874804727014,313.22164904193335,1,0.15,892.7415438774901
4,12,14.265416383546293,35.08795271087336,285.1610627921867,4,0.15,862.0351262816537
2,16,13.737853280677,18.050762358046217,295.9248565724988,4,0.15,799.3043501966989
2,11,6.791096167870187,18.128131428543675,294.4033611455907,3,0.15,502.86860671965337
5,19,4.775681188255316,36.26179036902094,125.1511275301811,4,0.15,665.2424309765476
7,21,12.200852231523676,23.61510211118899,748.8414424317757,3,0.15,970.2312164988408
4,8,9.938662145811511,15.77144760770181,249.58869909922987,2,0.15,618.1203979983143
1,17,4.852039470474265,16.29738248796027,394.00285185698345,3,0.15,499.98387657303687
6,22,12.97458033679782,18.55426116759739,106.78081791867741,4,0.15,996.8479321413989
6,5,17.858022909140857,20.334833699392238,700.56856364054,2,0.15,898.7455122430562
5,20,13.955513403872603,31.628654855960136,611.8101411184421,3,0.15,957.9271653813295
7,17,13.839782186969789,18.933157000045707,762.7292246215923,4,0.15,997.5354679070088
2,14,17.205004046889467,17.9718597794268,647.1308354374794,1,0.15,842.9297908256578
2,16,5.246981881198435,34.117978536906975,319.59455843644565,1,0.15,505.40399087775154
6,6,11.048799438743046,31.776382096497862,273.5113511098965,3,0.15,702.0383769224129
5,7,17.674347440542135,25.883105536380903,588.4014152873051,3,0.15,948.4320507881655
4,14,4.644705775522793,28.7327442870026,354.8789425073496,1,0.15,493.30510896229885
2,6,13.204031351112336,22.799600508160463,496.3505110268316,4,0.15,698.4923767587348
4,17,11.372962335550431,27.062510505884017,104.38022971852916,4,0.15,857.2250452510249
7,17,11.383665475019312,27.666816224568645,143.31999117633268,4,0.15,877.4076603735559
2,22,13.162730040321202,24.6809317794524,474.75755882715583,3,0.15,876.0333385447927
2,7,16.873870766010945,37.664305266804064,496.2501525137156,2,0.15,817.4794120886328
3,11,14.521311037621407,15.401546624525153,626.0170611215406,2,0.15,788.9964325743975
2,18,2.89817765465936,34.55428157728116,192.37572373677324,2,0.15,497.85425601277825
1,24,15.64364831801138,18.109570781033106,459.22815862974517,2,0.15,915.5872171034442
5,21,5.608661278811722,34.938684013429985,236.11335110218204,2,0.15,641.7632165314743
5,16,8.030626635781951,30.39779789191803,165.2372836938863,3,0.15,687.4820805766052
4,20,9.387725017798115,36.08195227341006,387.3470558423882,3,0.15,778.0369423886308
7,16,9.694496012049115,17.43785814102244,214.33565366234006,2,0.15,773.7487643073193
2,19,8.962886388085709,28.97451585249435,255.247384734623,3,0.15,697.453373277473
1,14,16.99765270745383,27.52719700655493,322.2882059086512,3,0.15,925.2618592942251
4,11,13.296304122624393,32.65482957408396,281.5718805202374,2,0.15,818.8496695460765
3,24,12.098730335307302,28.357263797341894,161.31390818416247,4,0.15,935.0503872131076
4,9,2.797472444527065,28.518364178327605,162.9413714017916,3,0.15,458.9778545582855
4,5,16.462613284165997,25.73989858940162,235.2745906639177,4,0.15,871.283281963165
2,21,16.55024307213434,22.72086060018352,135.39143157167726,3,0.15,997.5069000952299
3,7,14.483409014881637,27.056609031304802,538.519913773849,3,0.15,782.5996395056898
4,17,2.1124672610179065,17.962308969210014,301.12870155623136,2,0.15,457.6979238653175
1,18,2.9164840172419737,39.03783347457712,295.82217743834974,3,0.15,469.5216212989916
1,22,5.603579236295836,32.86026909066496,332.3988059664356,1,0.15,546.4785360080452
5,8,4.101590530318507,38.81167791719617,563.9573919468052,1,0.15,417.83762048018474
3,22,8.381376475259671,20.66818455824908,709.4437170384433,2,0.15,700.73737409222
3,9,16.761968929404635,36.9835255044132,631.3608527889469,4,0.15,916.4596747792233
5,20,9.552966947151972,35.21974961408846,609.2704611575665,4,0.15,833.6287055909316
4,5,2.2144420229146498,31.92881031144184,439.0738299205945,4,0.15,344.09197238679036
3,18,6.523931033260192,30.625729652130143,585.6638898771882,1,0.15,581.9585196426344
1,19,2.7135185339673846,22.91374163169675,486.9336576235082,4,0.15,457.98370496474087
1,13,2.5806019618160345,35.41026962412577,251.37536973057024,4,0.15,403.18938026037426
2,19,6.411517649528836,27.537886536993344,246.0118574187355,2,0.15,593.5282545175324
3,21,6.409797418863127,16.772289397282133,307.4744048126984,4,0.15,670.6265044943387
4,8,14.594025641625665,22.82157902137825,737.5618696788692,1,0.15,751.0222369694746
5,16,17.59735444449779,38.38242746363319,483.1903882658081,1,0.15,1030.1034705131226
5,9,7.939313502239973,36.26700651512115,613.7337639013086,1,0.15,607.9092447444469
4,9,8.862190061776618,39.547642451913475,342.59113187158334,2,0.15,623.9041545010228
7,15,15.516630980576343,30.699834565102453,385.4010394656577,2,0.15,997.426841606887
6,10,6.290224321528214,21.1877518285103,187.89590504607597,3,0.15,601.6241078454918
2,11,4.502108870455167,19.070376241921593,219.90647047516927,4,0.15,426.2264818372238
5,18,15.649433974458407,19.67286101521154,679.1495883783019,2,0.15,979.3341073284975
3,15,2.744009383041048,15.49489145868136,509.38704218221744,1,0.15,378.48144814249963
2,17,11.915191043190651,24.76705277464848,336.27272611867323,1,0.15,714.3282329410779
3,6,10.991885559468908,19.78569201248856,661.9958462968822,2,0.15,605.3203159564399
7,11,7.534727160027108,25.29138651141756,272.5639339465881,2,0.15,605.7717278545817
1,24,7.043032337557744,38.374860795969134,783.2228890201427,2,0.15,660.58082917299
2,8,14.34972361890594,25.763505237679748,341.3723254223188,3,0.15,766.5212034573436
5,12,3.3827937722007437,36.94961242462087,336.1176679058593,1,0.15,429.90372373503703
2,24,5.788548948982166,30.137619165396913,318.33833387569365,3,0.15,667.5858284534003
2,23,13.719179709409437,21.1782888665348,185.47806114700154,3,0.15,883.9629707585834
2,17,10.773129339622788,23.896368981480286,177.79600313240869,4,0.15,751.0413159688741
6,18,4.047811336537382,17.097988395535737,553.6735241738863,1,0.15,542.2488892320027
2,14,16.114169828512964,23.336564839900262,712.5826311906329,1,0.15,848.4591609403851
3,15,8.295165545017465,31.93852363758835,653.3643571901714,2,0.15,653.737530655269
1,6,15.245894005154765,16.80277732323588,198.77531581494577,2,0.15,708.7506634529205
7,13,14.603408248443339,20.135035211950733,481.9074852544465,4,0.15,952.2422185235689
4,21,11.990807143547649,24.53602603533279,173.91408218364802,3,0.15,858.9651823452984
2,7,9.911698100721487,39.55123842539906,131.7062505291542,2,0.15,578.8502505759284
5,10,17.67281344610811,34.621545573972,559.4701015693371,2,0.15,968.6002182739346
2,9,4.319441158077073,33.3371686623026,474.6066335762452,1,0.15,392.99152150960975
5,9,13.602491640817837,17.90477391313615,157.4165796480296,1,0.15,766.9608999418509
3,19,5.059051223436624,34.524897340374785,124.45747248419191,2,0.15,546.2025879997032
5,21,7.412209685317574,34.63172028790038,792.8294893865342,1,0.15,707.9144702492574
4,13,6.939179893971124,30.027567390608205,121.01493250435031,4,0.15,611.2440680909586
1,7,17.152575803819566,39.7590445499593,411.16977713511176,2,0.15,822.2773003567403
5,24,17.477698844612405,23.1313476481138,453.2333172253869,1,0.15,1064.117045966033
5,21,4.9282471077556345,38.53181120604629,182.09610346031153,4,0.15,696.3274407422011
1,14,2.352562564760067,37.86827787391259,218.34324490780136,1,0.15,346.49835136118065
4,7,13.52012863460981,15.287016493734447,346.2635044872468,1,0.15,662.5531032866303
2,22,8.68783894192775,26.252913161870275,633.1731133495638,1,0.15,696.0729184280366
5,22,3.42144392140103,39.42760582628934,454.9576968421867,2,0.15,607.3862015511909
1,21,12.94006568923268,17.578034060201894,546.5313121870731,3,0.15,841.7888961287606
3,7,10.721688452171195,28.694617359582985,789.6221885634724,1,0.15,563.9948402918136
1,7,17.688269152017696,39.4739376760276,637.6038047192468,4,0.15,861.469900616311
3,10,5.638551933782063,28.887385602646503,404.0530486988524,2,0.15,471.35230766714466
4,17,8.463646021224772,19.7453825743039,412.50934525758413,2,0.15,675.249810429089
2,19,10.680732854326767,29.55458075231474,533.1404539287034,4,0.15,749.653774946769
1,13,14.667199815253626,20.11101434873867,565.7556458932331,1,0.15,755.3992721924606
7,8,10.78141850752094,27.992606572362106,450.49764808566994,3,0.15,788.5718057473968
7,18,11.806402573791187,16.8510554478087,551.4028559704859,1,0.15,858.9914201837151
6,9,5.618352825439052,30.137066730360118,116.47274608986913,4,0.15,581.7053970223773
5,6,15.550699649416957,27.919748478203957,400.7360047277909,2,0.15,795.6049623063919
4,15,8.858088751527612,33.504034219036576,295.2566532514337,3,0.15,684.8042353608807
1,13,4.255354040348308,30.767511778969627,190.4221116701773,2,0.15,414.97176106418976
7,7,12.627006632086678,28.740156713268917,169.6825589661426,4,0.15,813.4599377760806
5,13,5.45744725096492,32.24447123120303,522.2345159302672,1,0.15,560.9024891559965
7,7,3.561000163828796,18.598547839305773,466.5203830068282,3,0.15,482.20689151233927
1,6,15.791790534468356,29.8839915314651,277.5088818974584,2,0.15,788.3862277565296
3,16,9.362596231815035,19.302765070569443,429.66504114076014,2,0.15,644.0278469908945
1,14,13.988539403132423,38.13805519629702,444.5626206276858,2,0.15,780.468254131915
6,13,6.649400956901681,16.708352621140104,236.50628630703108,1,0.15,556.1217149725833
1,19,14.591522158682661,25.75936874226983,556.4651433171555,3,0.15,817.8935131754914
1,12,3.790974832344485,32.39493694138612,646.6435494702633,1,0.15,384.7309441331992
6,9,7.6955739807176435,26.45055529170647,654.0244786226633,1,0.15,596.9532299220242
4,15,17.648989087576457,17.30238133082256,521.7288814924186,1,0.15,926.5763813684939
1,6,14.703835461888097,28.834475403167684,458.14700776330983,4,0.15,736.7465466627034
6,19,9.95609488503501,31.040797720683862,142.70500010377643,4,0.15,840.4391655787402
5,10,7.4364395449901615,32.59480777476269,301.4819091961241,4,0.15,624.2834466399343
3,12,15.954171200359625,24.331495361568972,165.29001274471892,3,0.15,867.4875427996149
3,9,10.71756414535225,29.091499275719055,774.6762126149315,1,0.15,603.8206904528217
1,20,14.134800285905778,26.26716187347283,194.5561023580325,1,0.15,804.7857546205124
4,22,14.065722885058625,31.801400968806334,206.24278689577142,4,0.15,970.2336935513763
4,10,2.2871308570958693,29.58892418312046,722.7036328313445,1,0.15,372.8905432081027
5,9,4.020060524681815,28.143905488978373,760.7497984335205,1,0.15,380.4335730776348
1,20,12.554069862315876,21.238109170956214,636.0803274644369,2,0.15,771.697023707794
3,17,4.585916980573943,15.050462943705847,103.7834465708689,1,0.15,460.3291512048933
4,9,6.087893514489675,19.35204188278573,100.94238966959459,2,0.15,469.07328210681163
1,17,17.146207267193716,17.926651035604216,364.67053885121555,1,0.15,865.4941634235118
7,21,10.96291613399859,26.22711862527367,200.37675900762477,3,0.15,909.755948428398
4,22,14.011672111989554,30.306453769046115,112.8702995061181,4,0.15,975.5799673390698
6,12,10.927691820522238,20.327125217120205,424.84668258315327,2,0.15,725.6786913479946
7,17,10.840217836523603,38.47642739917968,760.14332818488,4,0.15,910.5561957460072
4,23,3.5064305620111664,15.167053230597194,326.673702431702,2,0.15,543.4235697790767
3,7,7.498611081745649,34.30752537913357,562.7984749000875,2,0.15,498.2185508112757
2,12,6.5188943789841876,30.630119238261056,556.5647471927085,2,0.15,513.7963178397285
7,6,8.251653849817812,24.338870026192048,275.7560725656174,3,0.15,638.7235610687663
5,12,14.773507011589253,16.262223610310198,555.297674176705,1,0.15,818.2320875984296
5,17,7.950922686669838,30.687164294606983,248.63378200082389,2,0.15,634.5897998733716
3,17,9.227149107706923,24.640337821641204,185.40518950382233,3,0.15,681.2009077704472
4,5,8.358102247765064,38.406678485330474,590.9682998917831,2,0.15,553.3813601245781
1,10,3.4945275516047296,28.549751872244148,179.4085719727417,1,0.15,343.9052531883324
4,23,9.05715453201254,38.49128778233771,797.8364530125488,2,0.15,789.1514071433764
3,20,5.1297483687122405,20.512092336832602,228.41668080516052,3,0.15,575.729610468665
5,12,4.987572732368664,33.14314775910258,515.8993039295203,1,0.15,559.1439873855436
4,5,3.5045776709482617,30.431225521218142,387.9621999888126,3,0.15,380.8573343349093
5,20,7.706735586268236,33.48520574578279,188.470495683967,1,0.15,717.2082078738846
7,13,14.119710156630678,20.36669659931342,119.49073530418937,1,0.15,849.0388584725058
1,17,6.423067049334337,31.624862905944344,535.9125976049834,4,0.15,559.4412841014389
7,15,6.997585630168217,27.451009826421725,664.7302946523882,4,0.15,734.0385240247647
5,17,12.282794522758778,33.5706243726579,689.4109630547208,4,0.15,910.1449703712516
5,14,5.133453001390702,23.176116103795444,437.89943115385415,1,0.15,519.6406914004997
2,8,16.351326886776548,37.25142563663131,644.2188270276699,2,0.15,777.2008656595157
2,10,10.323048372024871,17.10753286528376,570.9929934419813,3,0.15,613.6168455307717
7,11,9.161647045123472,35.1797329697797,606.9781692493932,3,0.15,744.2153640495823
6,9,10.925123070867222,36.53299064537727,444.8193036552699,3,0.15,757.1551542269951
7,15,4.656549014659127,35.43130778417053,543.3882181694889,4,0.15,639.8583838901052
2,17,11.81557021822682,27.8181598565444,663.8681395032398,1,0.15,726.2145150375366
5,23,7.809611786144167,25.95962450076903,378.51892288991615,4,0.15,778.2803123805173
3,14,16.3549814554339,39.90655716312192,664.1852306073087,2,0.15,893.0474222101321
7,14,4.701667306842978,20.729298780354053,514.411789952344,1,0.15,573.7656743229714
5,15,10.112817661847057,28.671899146901115,216.13071705955036,3,0.15,763.9124331530529
3,11,11.569802069904288,31.76688813455814,117.27891005720923,4,0.15,736.5797334760407
3,22,2.5341376285820996,32.5216908965358,353.92752027940645,4,0.15,546.334398489734
2,8,7.819089996098244,20.100616643464466,482.6874298074379,2,0.15,486.2156036979336
7,6,13.722163755213325,31.34985230849503,687.8742465424418,2,0.15,817.5068384709489
4,18,15.126040119183573,35.459239162033434,189.23997609817235,4,0.15,1013.1738944307613
1,17,7.010591917076518,16.250464420527805,660.1444433785053,2,0.15,551.8371507250127
2,16,14.77749235812402,37.78803233313291,704.1063322470588,3,0.15,862.5680985950584
2,11,17.484094033654223,15.73760137863015,205.48124090058366,2,0.15,844.4344183917291
4,6,15.709982977201506,23.899275812209858,696.1160235129533,2,0.15,781.4646959138755
1,17,3.882303810549203,15.395329905824052,794.0174974899544,4,0.15,463.9632176028987
5,18,13.83568531336865,16.928629213489547,608.7871817337663,4,0.15,914.3929007833194
6,21,7.114669319048716,37.77920712950198,649.3387772774915,1,0.15,737.1787117607505
7,13,17.814655830593225,23.871520768653696,796.0906872912115,1,0.15,957.4499101077823
6,21,9.765743730558194,25.61928826062632,523.8368753681618,4,0.15,872.9333291459712
5,12,3.9589423737430565,20.383609534563817,315.5204674113746,2,0.15,483.64594713896133
2,6,13.602968768438252,29.927394254667995,686.271583853239,2,0.15,708.2498479402935
1,17,7.168179174179421,29.87008036694474,530.1400442581419,1,0.15,562.2271827377759
2,7,17.953250513306585,24.305009795630482,506.8367966046696,1,0.15,805.1473269540952
3,20,17.676519325672352,23.325871795134958,277.54488885982676,1,0.15,1003.9529457100049
2,10,12.498144288329291,37.1241077045147,629.4339887080206,3,0.15,719.7598621040113
2,23,4.077223183227481,24.582105991055034,157.16709310206738,3,0.15,526.889835250659
5,11,12.989775962800465,27.337524803860205,747.0009495562629,1,0.15,775.8250846983843
5,14,3.4884877833604353,22.082619060623266,328.0764225393393,2,0.15,475.7359325971362
5,13,2.469826545638277,34.66923758392818,189.44225695299332,1,0.15,439.452215801172
6,6,15.167335139543777,24.93620392247729,409.65657317169314,3,0.15,883.290032373253
3,19,5.356047162938902,27.840276163608113,129.7289364795732,2,0.15,576.717803002917
5,9,8.064434019505558,21.333929251491536,579.2383359854764,3,0.15,586.9093875361319
1,8,17.57531823961877,39.691489808531294,731.8938573117493,2,0.15,854.961673211778
6,24,7.389448029777652,22.287393523093073,686.0841049969562,3,0.15,797.3126227295862
4,8,6.743836500533044,34.26856327263879,189.15863141351676,2,0.15,500.7338858469765
1,22,16.691327993964403,25.68739125891898,188.3897959754123,2,0.15,919.6028113276394
7,8,3.7719751251033298,20.155435127103498,669.4041376269848,2,0.15,453.70553088489737
7,21,14.153318561834109,34.99296909912153,746.9779922221811,2,0.15,1031.5816393263106
1,16,17.809049066444384,23.340169725726078,422.4688808834424,4,0.15,949.2949292412816
5,21,16.42073617239438,36.629833684945275,449.27978183963614,3,0.15,1068.2933669403294
4,14,12.426686699302815,37.881429622945575,322.7834289700081,3,0.15,792.9855854944934
4,5,7.024972719883712,36.4955958847819,725.9855827794897,4,0.15,557.8818186034512
6,22,6.069151698853068,15.87519787017014,551.4320337046491,2,0.15,649.9294329779578
4,22,15.108081677943378,34.684333625127636,301.77610401715793,2,0.15,971.701808844356
7,18,16.077150623227126,25.283486662478595,309.14800973797617,3,0.15,1059.9947789889432
3,19,10.406958600731086,36.84307300455563,723.8400511445217,4,0.15,780.0555316316346
5,16,5.909439052583458,30.94885656711847,109.54381673407502,2,0.15,622.5362372801075
4,8,3.807091334578777,35.84107835359896,325.9086009086469,2,0.15,405.6259346696236
6,7,3.3948714853092987,27.485794246670885,488.04967685145834,2,0.15,409.52778149950564
7,24,13.50523915766169,28.37563761497332,203.75222346952722,1,0.15,1023.9764682335085
3,16,8.7218996455636,18.60969080334168,164.46912793971285,4,0.15,683.2596276617186
2,11,16.485757988445926,34.59968396723389,670.693431763392,2,0.15,861.2817771074508
2,15,13.834740811628219,25.484740291674292,726.0830720539551,1,0.15,792.807230535553
3,5,5.060166686633387,27.502002956789568,676.5244945587326,4,0.15,380.97285947733434
7,10,11.820438701051184,34.62744285239269,729.1515228161434,2,0.15,813.3521716147868
6,19,8.96808727037055,29.971135001985974,487.17837974086007,3,0.15,781.6192532760613
3,19,11.23599569229781,20.027468186066685,668.5806846932393,1,0.15,733.715595694045
5,23,13.809105973416274,29.755816478772317,368.8298468737703,1,0.15,957.7012553410398
5,15,14.899134096060653,25.190821449491395,566.387503035327,2,0.15,896.9951100681708
2,6,15.499797222507588,26.73813855109657,792.1848719724152,2,0.15,756.4905321235409
4,18,6.063597993152396,15.707781860066694,258.0094066873892,1,0.15,570.9707432001122
6,6,2.497849598677723,20.25073373790704,372.9298224037564,3,0.15,403.16501685426203
2,8,13.82871576263637,22.02595203452571,436.0331641170599,3,0.15,713.2395479037557
4,21,3.7014996200923935,32.824000196470145,196.6108409140362,4,0.15,589.4898212147763
4,7,7.038713417807482,15.287311832452882,156.72702732553975,2,0.15,478.4795859569912
5,17,2.0610741459895543,25.2194315307283,680.8060064251371,3,0.15,496.91025979612795
7,13,12.906711718425921,38.10067176064332,783.7560609793103,4,0.15,956.6306856413629
1,11,4.67411218353954,17.797015413728097,383.30754468076105,3,0.15,436.72757752674687
7,19,12.484518555066531,27.910609705465276,161.3548853362573,2,0.15,908.7581444283387
1,15,17.867881874685423,34.66305955977118,146.06823248340353,4,0.15,963.5756085002961
3,24,3.1627339457602606,38.563282688002914,723.922744452209,4,0.15,605.7861526546925
5,6,3.233248191223371,33.66941598834295,424.66997480937596,4,0.15,443.2731430527129
4,19,7.4460814826667985,33.01413871611015,324.01912159367436,3,0.15,703.3123149183587
6,18,15.862184228021473,35.66220225489406,433.52288986757964,2,0.15,1025.2200516782045
1,24,5.4484779006613095,26.155030524438594,322.8128662846431,4,0.15,564.9064966734554
7,15,7.766045118885561,35.14611331544583,442.325042715334,1,0.15,706.8607224519021
4,7,3.096086506031673,15.199110118636279,701.6894778425558,2,0.15,347.18327230473005
1,21,14.21048466014223,38.11402638442012,514.610959743467,1,0.15,837.4392443969762
1,16,8.532901484151218,26.082662737929383,586.2576409671228,1,0.15,590.6606796154281
1,19,14.147979728973485,28.83450469664369,355.2694733640356,4,0.15,900.7675358871328
6,20,16.457725509548723,21.372056222872057,616.9541149573631,4,0.15,1091.8585400493416
5,9,5.72421035362062,33.56327082101053,566.6319594155607,3,0.15,533.3212364640157
6,24,14.918336485439221,16.91589516188122,183.6933984264395,3,0.15,1023.9955067304162
2,10,2.9455022412520524,36.81589506367088,500.8499971809092,3,0.15,328.1915324771345
4,23,16.38155821088396,35.70292072515857,279.7204474168306,2,0.15,1046.5592384003035
5,9,12.412296760939958,20.40150290611916,662.8669687435149,3,0.15,769.612963147966
5,7,15.987627586213625,35.23310995713156,398.1563959268576,1,0.15,839.3793602512136
5,5,2.0030143929053104,34.65894332653704,796.278915637541,3,0.15,385.7688429182512
7,10,4.70529712569588,30.805414943848724,164.75030655727466,4,0.15,559.4897170984791
5,19,8.236150198823873,24.33800442249219,646.243503918111,3,0.15,734.3474844634728
6,6,8.072046453995497,21.787468854546695,571.5912134795095,2,0.15,572.1968099799046
5,7,5.627686126776171,20.79458975723375,637.2491814134938,2,0.15,474.95872538789524
3,21,8.105791037875202,22.96522406909018,315.27085684331945,1,0.15,688.5091556883455
4,16,4.061579392004077,37.58896108581326,444.4381425676804,2,0.15,528.4418758668874
5,22,8.604178068256417,16.941019399719533,657.5559638065959,3,0.15,769.6619124731033
4,19,14.837669266548227,35.72178190632397,262.7789321345985,4,0.15,962.1672275924632
3,16,9.66512100965362,23.72225187604559,258.22323775205643,2,0.15,707.4342025803743
3,20,2.28800142312344,28.039984900283955,485.7356673064527,1,0.15,428.5161027081738
4,12,8.743104665267959,34.862140841212266,466.49450567089906,3,0.15,651.2418858892488
1,18,2.4348002574535066,37.10941367557428,297.583729289053,1,0.15,435.760870866184
2,21,17.459894571308773,23.619535501816173,308.65295536737597,2,0.15,997.890479209962
7,12,4.0392633507659035,26.546087031877757,294.49161424459584,2,0.15,539.7898147905979
1,19,13.3230132212899,25.362901620419805,640.0584433989413,1,0.15,777.783656286302
1,18,17.564421166273373,15.331275837597763,556.3306058937225,3,0.15,919.8240948288084
6,22,15.21662482666515,22.398572221466416,682.692028387177,2,0.15,1018.8091823683294
7,24,13.189046002019259,26.479730843314044,782.8311198198153,4,0.15,1037.3388895557296
7,11,15.43137455201227,25.277340222010995,431.9150073903905,2,0.15,928.606691642546
1,7,17.70877909217004,33.04823068789199,146.6857169838142,3,0.15,808.2547865452632
5,16,11.941511956056473,24.620090430527583,133.6646172884248,2,0.15,819.8400942631542
6,7,10.946956909269224,27.234411224266758,306.96552749013335,1,0.15,698.3277021585492
6,24,12.051809767412502,25.740214803309083,752.7812125467157,2,0.15,934.3472015619897
3,18,10.52281418818488,33.51565372235926,466.24913847961244,2,0.15,762.5139450361257
7,19,12.1614256945555,36.574309974674065,290.2505612560904,3,0.15,949.7182897683452
1,18,9.197475327560948,28.297226975187854,379.4167561577137,1,0.15,613.2026741240938
3,11,5.495090926132914,34.73580485487978,519.0165751832697,3,0.15,490.2613759678294
4,21,3.92395562418681,22.419667050496265,557.0647606964895,2,0.15,544.6001776478695
2,16,3.0934549685161663,28.534240253931717,207.74365684803354,4,0.15,478.9301356620577
6,24,6.213052540051201,23.63074884174931,783.9221735816232,2,0.15,729.7800595247119
4,8,2.7379770293717414,25.35502313929576,481.34055888795217,3,0.15,415.36359117458863
4,13,11.07473247871017,33.310346620316714,194.98182245459552,4,0.15,789.398558929409
5,10,6.5412551523763245,37.04156205831782,725.5446773422935,3,0.15,605.2819730831941
2,20,15.192556929392515,18.037384777194134,152.24690175560016,3,0.15,914.0571857287736
4,6,3.187853967814183,30.86598141218451,735.4148032242589,1,0.15,330.62988200533994
4,12,5.621623909463775,29.553595189444962,797.5959594022877,4,0.15,571.5940155348994
2,15,13.683938353442334,17.960375979398297,590.3022594095528,2,0.15,777.1554696401436
2,17,11.580932742135863,20.297358261002728,639.3130547517928,3,0.15,727.0110555951444
4,21,3.0318603399866806,22.775062368317005,336.11198552724045,2,0.15,556.4766906231836
2,12,16.035831314595207,19.173276770437536,759.1037969137536,1,0.15,826.0597986650715
4,22,16.03618820521887,21.093237063108546,470.7997762758573,1,0.15,954.0234598889821
4,22,7.286528062012382,21.69001997154269,612.6719126182884,4,0.15,718.8076140254168
5,18,7.446493493593035,23.39184582597649,746.8754011378957,1,0.15,645.7160366259114
1,19,17.82445373360278,33.73476132002898,782.6259831828559,1,0.15,959.655053532133
4,10,12.018818745490211,29.297805096265016,683.243049617672,2,0.15,734.4998673456348
3,15,10.501064329088946,39.65616679878504,312.11225488742105,1,0.15,702.9096459720179
6,17,15.410434936830791,25.368395674186775,776.5832615864576,1,0.15,956.8949619083404
7,5,6.564645413717063,33.846626845923126,539.6836718705002,3,0.15,549.7798858200713
1,10,8.86692149434171,36.786710534413345,751.4497334463719,1,0.15,538.149543730749
1,13,6.284426807813347,31.97446232595105,573.2735180700463,3,0.15,506.8989242514723
1,12,14.626573545419703,25.296618510437398,315.06727329340436,1,0.15,725.2941382041739
5,15,11.173589530163488,33.83986576864382,359.0171668999712,1,0.15,736.1853067300815
4,23,12.541201122241128,20.09167844431712,485.3302439720583,4,0.15,925.6187800686423
5,13,6.036915997430505,23.18880412950331,653.0103890919174,4,0.15,614.2144640286788
4,21,5.523604822037042,28.66713137748222,322.58778593823445,3,0.15,614.2772298033881
5,16,9.81399406372702,29.38523468215371,505.81181629393444,1,0.15,724.9373656668048
5,18,13.801051985485229,15.553536886815737,341.93749550348105,2,0.15,889.8119198591766
6,19,10.403836120322563,38.62785471890022,671.038583244575,4,0.15,868.9914554266869
3,20,2.5223308407306977,32.41568178043475,426.7096656375653,2,0.15,499.50186614413
5,24,15.89682410112462,27.39259375579728,153.70597879701967,4,0.15,1087.8244858475111
6,5,3.034990296242105,38.32818086020771,216.23676503707546,4,0.15,459.38035176551256
2,14,17.293191739532034,25.977389131270712,142.7732673337426,1,0.15,892.9127332380283
3,12,2.4022713324363636,39.5108892567593,449.51206221002764,4,0.15,453.0419686434222
5,22,13.11120729809134,27.80711893108713,174.43610814375901,2,0.15,949.9393436987575
7,5,3.3153130193885065,17.857144249949485,179.89797851674246,4,0.15,464.5881758292135
1,6,16.57082527096223,34.12002431148193,758.7337820268639,3,0.15,778.6181061353645
2,5,9.430931779608684,31.97244312694601,710.8585505232388,1,0.15,495.08547608165907
2,5,4.200380397072246,34.324668032639664,416.4606177679562,1,0.15,307.2341408891157
6,13,7.453051196637546,38.78605071814202,790.0637245951441,3,0.15,688.0594608217854
2,17,4.637194805548193,34.41223256627545,100.13056971946418,3,0.15,554.3464013366504
3,5,4.72931058491344,30.28341505541617,529.7856193913756,3,0.15,398.78194093535166
5,17,17.169733122743075,36.43272255902102,531.499724160309,4,0.15,1073.5819080887384
5,24,9.12393779655661,31.83116098386329,420.21013910892174,1,0.15,785.0389642649731
7,11,14.620836222485753,25.202976420648078,377.863581054005,3,0.15,920.4298307211862
1,6,12.23368897884291,37.14049410604433,418.7681948364253,4,0.15,686.0767979800571
6,10,12.822821797414276,20.547511519609323,390.47230525577635,3,0.15,823.3449896555525
1,11,4.107095015552616,32.866031872718104,611.3447342376096,2,0.15,358.6311326906356
2,18,5.746951149047771,37.03908637351893,194.74880448129886,2,0.15,574.1158160976613
7,22,14.588005362470991,33.28291299258241,238.3474544137911,1,0.15,1031.8290727512294
1,19,17.532259303596526,32.43188547634642,226.3627598746965,4,0.15,998.7466433049399
3,6,6.202810281578428,33.8159573517959,283.72940958488516,2,0.15,468.1727381369857
5,14,6.345100236016638,26.62638120751611,467.6808931471083,2,0.15,578.3480392775058
2,16,9.566354124974477,36.85426705392565,177.8461231367531,4,0.15,713.3690580510769
7,21,17.741445005687005,20.08591187840228,707.7185067285528,3,0.15,1160.2829218354104
1,12,6.303343133223537,18.184660400008482,308.1530719159306,4,0.15,517.2929899321638
6,15,8.511550554148222,22.13771950296279,213.7765912280955,3,0.15,732.0717481297514
3,7,16.263680249976108,28.289434919374827,572.9349167187703,2,0.15,793.0030566582084
3,10,2.046736521941792,27.764044885233453,126.66041041952349,2,0.15,327.47257018342737
1,13,2.6362554398171127,35.51496894191467,533.9779954119149,2,0.15,368.832267295338
5,10,11.665146833139508,25.114216410100433,588.7389014735498,1,0.15,714.5669485495503
1,13,16.518082635405552,27.108610657287716,250.44157197070342,1,0.15,817.7883727795808
2,11,5.8217065664308425,15.334192081484892,129.374851410544,1,0.15,412.66531838337374
1,13,9.514268394891344,25.243480911073476,354.5517512436147,4,0.15,640.6038366956151
3,22,9.207444826525093,31.194355823758553,169.01596116935553,2,0.15,750.2554096379068
7,16,9.567541537528163,15.387708265664804,181.53449477133597,2,0.15,770.7420025429924
1,12,11.960315131675923,22.022049129656093,277.9828620114052,4,0.15,712.5127784956237
5,12,9.51590020785094,20.198908982234748,306.82754723873154,1,0.15,646.8818749945748
7,22,9.159490261159325,16.049635722739705,470.97923871499444,4,0.15,853.8814451770971
6,24,9.588614726900168,26.98150224786344,574.8743198521092,1,0.15,856.2250752794736
4,19,11.453879060336664,19.54308233070391,514.9396586091293,2,0.15,783.0532208772358
1,11,10.592119813621734,33.5770384907845,203.85223610266178,3,0.15,628.7062672236973
5,15,15.666175962408069,36.19819709408371,220.4602227168385,1,0.15,952.2984106339574
7,24,2.791949655898666,28.639629566728694,715.1384748550402,2,0.15,632.7371972863531
5,20,15.3330731435682,39.54268356302854,490.84662054487956,2,0.15,998.9992324966186
6,8,15.502793801787584,26.261964286764883,708.9564830283823,3,0.15,879.7513321104522
3,10,6.5585283444953735,27.834205255622887,360.0825579239121,2,0.15,470.63537031509645
5,7,9.40563128025361,39.73044384894375,530.0800052019267,2,0.15,635.3266075421959
7,13,9.016615816598968,20.788710899126222,466.56439123822753,1,0.15,677.5521846580822
5,14,5.496157349666085,38.563648491922635,323.3864428743238,1,0.15,568.302588629068
5,18,8.348749553381063,16.07093887797783,428.94076042351674,3,0.15,739.4254128861262
5,15,2.710204354733671,26.159672256579867,451.7436137788524,3,0.15,454.81318613707515
2,22,6.445153164507751,16.750087803326643,240.53968232967503,2,0.15,596.5671527827556
2,16,15.06691480721149,33.230868572841075,320.5072606637121,1,0.15,848.2347857709634
3,16,6.552996828206361,30.210223397000444,653.986825354883,3,0.15,558.0032457141277
1,17,15.09130669997196,32.66585658668991,741.051767617889,3,0.15,892.9198265874982
5,17,10.505591433670894,24.362009999200424,351.85586548170966,4,0.15,820.8365559133516
6,23,16.07780283777856,24.237048350784505,314.88059754631274,3,0.15,1106.7429282870644
1,23,11.196472868230643,16.132981974022364,236.63801520031777,2,0.15,745.7970660868774
6,18,2.474691569035837,23.748623488240995,574.9438180554068,1,0.15,499.37072474309196
1,8,12.806723320753427,38.23221005655149,326.1697911664361,3,0.15,683.3649042152158
3,17,2.7176570883770985,24.480663429511225,791.424677369432,4,0.15,533.6031741884962
5,12,9.209552303730144,35.78419265554925,327.9793614447673,1,0.15,691.3727268238202
5,23,16.870827111569824,36.05813761874835,375.8952327478397,3,0.15,1108.2131093232415
4,16,4.6432630294056025,24.331028909480846,522.3339373484243,4,0.15,576.0987848264331
6,22,8.237957647064706,30.799717009904725,661.1790052339135,3,0.15,821.2261693938204
1,10,13.677764941575655,17.384290056826465,428.66306574194357,1,0.15,717.6293044602169
1,22,16.116136897517563,17.591964518356914,395.8592236522708,1,0.15,907.107134051791
2,23,12.735088075880126,16.216441591542832,796.9464835163658,1,0.15,816.971932965494
4,9,6.130772067058707,29.525377334377737,107.34554879796111,2,0.15,500.09312041632165
7,13,12.793725646659459,25.651774440652424,726.5457021958721,3,0.15,881.9563642444484
7,7,6.74764225766544,28.700808916606,204.3985781578162,2,0.15,566.4782560261752
2,14,13.494867677099764,28.026829762709696,650.1476933462394,1,0.15,762.2824601040937
2,23,17.26453004136065,23.755074777268256,532.5520918924086,4,0.15,1017.2392310176944
2,7,13.542295217700612,31.936835370586824,339.29309984866444,3,0.15,710.6755738872752
6,19,15.806088046598598,33.96254702290977,711.7124688647128,2,0.15,1036.8495592598624
6,5,2.0336614908141346,15.365706471941893,109.03505958669439,3,0.15,371.60918497315464
3,11,13.48115399570551,20.181057494221957,258.68345645244653,4,0.15,779.8594836899928
3,16,15.273400909844005,32.83089670208342,496.82495737467525,2,0.15,886.1748866893325
2,21,2.6489398007149028,24.665504315845855,346.0795820347886,1,0.15,472.4178432326346
4,24,15.94556363661169,31.562098673540206,527.2642467228293,2,0.15,1009.2298413712512
1,9,6.1071076529607335,23.67406649336396,116.87713538606678,3,0.15,418.16799463544504
6,8,12.644673631648883,24.768878808240927,181.52125133719875,3,0.15,767.1242162765222
4,16,14.805678064374506,18.966971842242124,188.96736815290745,3,0.15,898.435632731138
5,24,12.602632208949688,21.455775491654002,232.4985521412066,3,0.15,919.1410292055963
6,22,3.476556673172116,30.13529393768968,421.53200856037995,1,0.15,619.9424563228782
6,21,11.541144301765893,25.82907778287916,626.4900896804999,2,0.15,866.1978180590078
3,23,10.793338507554298,34.357567073614874,733.8771865502308,1,0.15,804.7903095296853
1,13,16.405140289188346,36.31462387345857,684.7607711989723,1,0.15,818.0703839133919
1,8,8.467835674307347,28.541160455418996,237.8215102429785,1,0.15,478.87604766709114
7,6,7.137297553392802,33.95668230140148,408.8053865614427,3,0.15,575.6735196276754
7,8,13.99761223098346,22.67261282986425,239.5881184309745,3,0.15,874.9516722334166
7,6,8.602805217334346,25.374280385001953,285.1302716670335,3,0.15,626.929643216777
7,19,12.337538800081008,32.819441905420774,452.48288705832033,2,0.15,902.7186864400925
5,6,12.343201441993711,24.655299820425768,147.67631730646576,4,0.15,793.5751804684605
5,8,16.208625029761883,29.71262337897472,252.72203071529125,3,0.15,903.9569573292802
6,10,11.579078437105558,19.63431947706279,754.764712914982,2,0.15,763.9675526799502
2,11,10.03445775939179,29.99428287426245,426.2814048609423,3,0.15,647.3752738173442
3,14,4.221941222344272,36.53784268067234,411.7705681845105,3,0.15,496.52509560333004
3,23,3.851801706859286,36.71599099558564,110.19700832589523,1,0.15,534.7500490843532
7,23,4.46914504452927,33.10861015823849,273.17982294084203,1,0.15,671.106584047369
6,16,4.749575701233512,33.64383447690315,706.4047051875269,1,0.15,559.1377143680164
4,7,12.206033482618142,28.948186128767517,215.23989978106812,2,0.15,676.271147636096
2,17,13.855700004393256,29.61670225414562,390.58745767430474,4,0.15,831.7108069555884
6,22,10.4798643668227,18.34126453526295,110.03163410690088,4,0.15,890.5966688375988
2,12,15.264283720727857,26.096479710532527,434.83483716938906,2,0.15,838.8628927417907
2,19,17.86021162773813,26.269407097159096,114.71477470835201,3,0.15,1013.6742520771023
2,5,15.120202065909696,38.962445891693505,673.7266871460599,2,0.15,735.5349333873453
6,7,13.118117978815347,25.777171565582236,677.3976372409725,3,0.15,790.9884491507074
7,12,10.519883190994346,28.73356612256894,651.4195318116589,2,0.15,709.3407146207836
3,8,9.181649146795332,28.33128498197756,298.3548482237827,2,0.15,566.3779391728154
3,20,3.3502780887126775,30.91904292610818,686.0660527552726,2,0.15,490.10477958969915
7,14,8.389899974315055,33.7058207832974,480.0986928236885,4,0.15,769.8934808340184
2,16,16.56215418851415,20.626046904271803,361.6656762069017,1,0.15,867.4149471810382
4,18,14.928362078504847,28.218110477460893,537.7309717929631,2,0.15,903.4337476397102
1,18,5.456821840186995,35.64794268290076,108.63873224226181,4,0.15,567.698612520668
6,6,9.465724555155454,26.57786784593779,200.0726143205265,1,0.15,615.2327442594865
1,9,15.067571240936713,21.961438659339326,619.6054767191839,1,0.15,743.6796322109226
7,9,3.0781528765683603,31.367726883907476,270.9131261013071,2,0.15,491.51529101468833
4,10,8.198281370698549,35.59418489497807,518.6063821301248,3,0.15,624.6705811176538
6,17,15.629459789983162,16.578507323184784,369.57182197612076,3,0.15,966.94856416116
